{
    "raw_logs": [
        [
            -4971.503,
            -472.638,
            346.178,
            -0.291,
            -179.767,
            0.0
        ],
        [
            -4985.987,
            -472.699,
            346.17,
            -0.337,
            -179.767,
            0.0
        ],
        [
            -5005.61,
            -472.781,
            346.163,
            -0.347,
            -179.767,
            0.0
        ],
        [
            -5030.515,
            -472.883,
            346.158,
            -0.229,
            -179.767,
            0.0
        ],
        [
            -5056.278,
            -472.989,
            346.153,
            -0.313,
            -179.767,
            0.0
        ],
        [
            -5084.91,
            -473.107,
            346.149,
            -0.221,
            -179.767,
            0.0
        ],
        [
            -5114.127,
            -472.737,
            346.147,
            -0.311,
            -179.77,
            -0.374
        ],
        [
            -5145.537,
            -466.664,
            346.144,
            -0.226,
            -179.797,
            -0.52
        ],
        [
            -5183.408,
            -454.176,
            346.142,
            -0.242,
            -179.797,
            -0.666
        ],
        [
            -5214.566,
            -439.458,
            346.14,
            -0.316,
            -179.807,
            -0.898
        ],
        [
            -4971.503,
            -472.638,
            346.178,
            -0.291,
            -179.767,
            0.0
        ]
    ],
    "preprocessed_logs": [
        [
            0.0,
            0.0,
            0.0,
            0.0,
            0.0,
            0.0
        ],
        [
            14.484128299457797,
            0.002139379071961044,
            -0.007989237379144783,
            -0.046,
            0.0,
            0.0
        ],
        [
            34.107299504912966,
            0.0043752163357973235,
            -0.014977971954014012,
            -0.056,
            0.0,
            0.0
        ],
        [
            59.01250836734071,
            0.005120936921066292,
            -0.01997424896406722,
            0.062,
            0.0,
            0.0
        ],
        [
            84.77572640166737,
            0.006377469939377862,
            -0.02496793158239701,
            -0.022,
            0.0,
            0.0
        ],
        [
            113.40796951243321,
            0.007961728088297919,
            -0.028959936802817783,
            0.07,
            0.0,
            0.0
        ],
        [
            142.62322328232153,
            -0.48083277622889475,
            -0.033442526323216794,
            -0.02,
            -0.003,
            -0.374
        ],
        [
            174.0082670652773,
            -6.6814194426694975,
            -0.06793504579255591,
            0.065,
            -0.03,
            -0.52
        ],
        [
            211.82817014715621,
            -19.323149409008725,
            -0.1341418086852632,
            0.049,
            -0.03,
            -0.666
        ],
        [
            242.9260602053921,
            -34.1675334010924,
            -0.2115357451945119,
            -0.025,
            -0.04,
            -0.898
        ],
        [
            0.0,
            0.0,
            0.0,
            0.0,
            0.0,
            0.0
        ]
    ],
    "instruction": "Fly in a closed-loop pattern."
}